source,SS,pct_total
Style,0.0,0.0
Topology,0.05555555555555555,0.22321428571428567
Interaction,0.38888888888888884,1.5624999999999996
Residual (within cell),24.44444444444445,98.21428571428572
Total,24.888888888888893,100.0
