source,SS,pct_total
Style,0.02777777777777775,0.11695906432748528
Topology,0.1388888888888889,0.5847953216374271
Interaction,0.47222222222222215,1.9883040935672516
Residual (within cell),23.111111111111107,97.30994152046783
Total,23.749999999999996,100.0
