source,SS,pct_total
Style (prompt structure),0.009876543209876534,7.999999999999993
Topology,0.029629629629629624,23.999999999999996
Interaction (alignment),0.08395061728395062,68.0
Total (between cells),0.12345679012345678,100.0
