task_id,misaligned,aligned
travelplanner-103,0.0,0.0
travelplanner-123,0.08333333333333333,0.0
travelplanner-143,0.0,0.0
travelplanner-163,0.3333333333333333,0.25
travelplanner-23,0.0,0.0
travelplanner-3,0.6666666666666666,0.75
travelplanner-43,0.0,0.0
travelplanner-63,0.5833333333333334,0.25
travelplanner-83,0.08333333333333333,0.0
