level,misaligned,aligned,diff
easy,0.385,0.3933333333333333,0.008333333333333304
medium,0.33666666666666667,0.38,0.043333333333333335
hard,0.175,0.22,0.04500000000000001
