style_id,mean,count
sas,0.29333333333333333,450
independent,0.29777777777777775,450
centralized,0.3288888888888889,450
decentralized,0.31555555555555553,450
hybrid,0.2911111111111111,450
