topology,mean,count
sas,0.23333333333333334,450
independent,0.27111111111111114,450
centralized,0.3111111111111111,450
decentralized,0.28888888888888886,450
hybrid,0.4222222222222222,450
